internal_id,document,version_date,status,section,estar_section,notes
FDA_AIDSF_DATA_MGMT,"FDA draft guidance, Artificial Intelligence-Enabled Device Software Functions: Lifecycle Management and Marketing Submission Recommendations (Docket FDA-2024-D-4488)",2025-01-07,draft - not for implementation,VIII. Data Management,,"section transcribed 2026-10-08 from the fetched primary document; provenance in design/guidance_sections.yaml (D4 seed: data management)"
FDA_AIDSF_TEST_INDEPENDENCE,"FDA draft guidance, Artificial Intelligence-Enabled Device Software Functions: Lifecycle Management and Marketing Submission Recommendations (Docket FDA-2024-D-4488)",2025-01-07,draft - not for implementation,VIII. Data Management > Management and Independence of Data,,"section transcribed 2026-10-08 from the fetched primary document; provenance in design/guidance_sections.yaml (D4 seed: test-data independence / sequestration)"
FDA_AIDSF_SITE_DIVERSITY,"FDA draft guidance, Artificial Intelligence-Enabled Device Software Functions: Lifecycle Management and Marketing Submission Recommendations (Docket FDA-2024-D-4488)",2025-01-07,draft - not for implementation,VIII. Data Management > Representativeness,,"section transcribed 2026-10-08 from the fetched primary document; provenance in design/guidance_sections.yaml (D4 seed: site diversity)"
FDA_AIDSF_REPRESENTATIVENESS,"FDA draft guidance, Artificial Intelligence-Enabled Device Software Functions: Lifecycle Management and Marketing Submission Recommendations (Docket FDA-2024-D-4488)",2025-01-07,draft - not for implementation,VIII. Data Management > Representativeness,,"section transcribed 2026-10-08 from the fetched primary document; provenance in design/guidance_sections.yaml (D4 seed: representativeness)"
FDA_AIDSF_REF_STANDARD,"FDA draft guidance, Artificial Intelligence-Enabled Device Software Functions: Lifecycle Management and Marketing Submission Recommendations (Docket FDA-2024-D-4488)",2025-01-07,draft - not for implementation,VIII. Data Management > Reference Standard,,"section transcribed 2026-10-08 from the fetched primary document; provenance in design/guidance_sections.yaml (D4 seed: reference standard)"
FDA_AIDSF_PERF_VALIDATION,"FDA draft guidance, Artificial Intelligence-Enabled Device Software Functions: Lifecycle Management and Marketing Submission Recommendations (Docket FDA-2024-D-4488)",2025-01-07,draft - not for implementation,X. Validation > A. Performance Validation; Appendix C: Performance Validation Considerations,,"section transcribed 2026-10-08 from the fetched primary document; provenance in design/guidance_sections.yaml (D4 seed: performance validation; appendix)"
FDA_AIDSF_LABELING_METRICS,"FDA draft guidance, Artificial Intelligence-Enabled Device Software Functions: Lifecycle Management and Marketing Submission Recommendations (Docket FDA-2024-D-4488)",2025-01-07,draft - not for implementation,VI. User Interface and Labeling > B. Labeling > Device Performance Metrics,,"section transcribed 2026-10-08 from the fetched primary document; provenance in design/guidance_sections.yaml (D4 seed: labeling metrics)"
FDA_AIDSF_SUBGROUP_PERF,"FDA draft guidance, Artificial Intelligence-Enabled Device Software Functions: Lifecycle Management and Marketing Submission Recommendations (Docket FDA-2024-D-4488)",2025-01-07,draft - not for implementation,X. Validation > A. Performance Validation,,"section transcribed 2026-10-08 from the fetched primary document; provenance in design/guidance_sections.yaml (D4 seed: subgroup performance; appendix)"
FDA_AIDSF_CALIBRATION,"FDA draft guidance, Artificial Intelligence-Enabled Device Software Functions: Lifecycle Management and Marketing Submission Recommendations (Docket FDA-2024-D-4488)",2025-01-07,draft - not for implementation,X. Validation > A. Performance Validation,,"section transcribed 2026-10-08 from the fetched primary document; provenance in design/guidance_sections.yaml (D4 seed: calibration)"
FDA_AIDSF_MONITORING,"FDA draft guidance, Artificial Intelligence-Enabled Device Software Functions: Lifecycle Management and Marketing Submission Recommendations (Docket FDA-2024-D-4488)",2025-01-07,draft - not for implementation,XI. Device Performance Monitoring,,"section transcribed 2026-10-08 from the fetched primary document; provenance in design/guidance_sections.yaml (D4 seed: device performance monitoring)"
FDA_AIDSF_PUBLIC_SUMMARY,"FDA draft guidance, Artificial Intelligence-Enabled Device Software Functions: Lifecycle Management and Marketing Submission Recommendations (Docket FDA-2024-D-4488)",2025-01-07,draft - not for implementation,XIII. Public Submission Summary,,"section transcribed 2026-10-08 from the fetched primary document; provenance in design/guidance_sections.yaml (D4 seed: public submission summary)"
FDA_AIDSF_MODEL_CARD,"FDA draft guidance, Artificial Intelligence-Enabled Device Software Functions: Lifecycle Management and Marketing Submission Recommendations (Docket FDA-2024-D-4488)",2025-01-07,draft - not for implementation,Appendix E: Example Model Card,,"section transcribed 2026-10-08 from the fetched primary document; provenance in design/guidance_sections.yaml (D4 seed: model card appendix)"
FDA_STAT2007_CI,"FDA Statistical Guidance on Reporting Results from Studies Evaluating Diagnostic Tests",2007-03-13,final,5. Reporting Recommendations > Measures of accuracy,,"section transcribed 2026-10-08 from the fetched primary document; provenance in design/guidance_sections.yaml (confidence intervals)"
FDA_STAT2007_PPA_NPA,"FDA Statistical Guidance on Reporting Results from Studies Evaluating Diagnostic Tests",2007-03-13,final,6. Statistically Inappropriate Practices > 1. Avoid use of the terms “sensitivity” and “specificity” to describe the comparison of a new test to a non-reference standard,,"section transcribed 2026-10-08 from the fetched primary document; provenance in design/guidance_sections.yaml (PPA/NPA vs Se/Sp when comparator is not a reference standard)"
FDA_STAT2007_INDETERMINATE,"FDA Statistical Guidance on Reporting Results from Studies Evaluating Diagnostic Tests",2007-03-13,final,6. Statistically Inappropriate Practices > 2. Avoid elimination of equivocal results,,"section transcribed 2026-10-08 from the fetched primary document; provenance in design/guidance_sections.yaml (indeterminate results reported both ways)"
FDA_STAT2007_BY_SITE,"FDA Statistical Guidance on Reporting Results from Studies Evaluating Diagnostic Tests",2007-03-13,final,5. Reporting Recommendations > Reporting study results,,"section transcribed 2026-10-08 from the fetched primary document; provenance in design/guidance_sections.yaml (results by site)"
FDA_PCCP_DESC_MODS,"FDA guidance, Marketing Submission Recommendations for a Predetermined Change Control Plan for Artificial Intelligence-Enabled Device Software Functions","2024-12-04, updated 2025-08-18",final,VI. Description of Modifications,,"section transcribed 2026-10-08 from the fetched primary document; provenance in design/guidance_sections.yaml (description of modifications)"
FDA_PCCP_MP1_DATA,"FDA guidance, Marketing Submission Recommendations for a Predetermined Change Control Plan for Artificial Intelligence-Enabled Device Software Functions","2024-12-04, updated 2025-08-18",final,VII. Modification Protocol > B. Content of the Modification Protocol Section > (1) Data management practices,,"section transcribed 2026-10-08 from the fetched primary document; provenance in design/guidance_sections.yaml (modification protocol: data management)"
FDA_PCCP_MP2_RETRAIN,"FDA guidance, Marketing Submission Recommendations for a Predetermined Change Control Plan for Artificial Intelligence-Enabled Device Software Functions","2024-12-04, updated 2025-08-18",final,VII. Modification Protocol > B. Content of the Modification Protocol Section > (2) Re-training practices,,"section transcribed 2026-10-08 from the fetched primary document; provenance in design/guidance_sections.yaml (modification protocol: re-training)"
FDA_PCCP_MP3_PERF_EVAL,"FDA guidance, Marketing Submission Recommendations for a Predetermined Change Control Plan for Artificial Intelligence-Enabled Device Software Functions","2024-12-04, updated 2025-08-18",final,VII. Modification Protocol > B. Content of the Modification Protocol Section > (3) Performance evaluation,,"section transcribed 2026-10-08 from the fetched primary document; provenance in design/guidance_sections.yaml (modification protocol: performance evaluation)"
FDA_PCCP_MP4_UPDATE,"FDA guidance, Marketing Submission Recommendations for a Predetermined Change Control Plan for Artificial Intelligence-Enabled Device Software Functions","2024-12-04, updated 2025-08-18",final,VII. Modification Protocol > B. Content of the Modification Protocol Section > (4) Update procedures,,"section transcribed 2026-10-08 from the fetched primary document; provenance in design/guidance_sections.yaml (modification protocol: update procedures)"
FDA_PCCP_IMPACT,"FDA guidance, Marketing Submission Recommendations for a Predetermined Change Control Plan for Artificial Intelligence-Enabled Device Software Functions","2024-12-04, updated 2025-08-18",final,VIII. Impact Assessment,,"section transcribed 2026-10-08 from the fetched primary document; provenance in design/guidance_sections.yaml (impact assessment)"
FDA_PCCP_TRACEABILITY,"FDA guidance, Marketing Submission Recommendations for a Predetermined Change Control Plan for Artificial Intelligence-Enabled Device Software Functions","2024-12-04, updated 2025-08-18",final,VII. Modification Protocol > C. Traceability Between the Description of Modifications Section and the Modification Protocol Section,,"section transcribed 2026-10-08 from the fetched primary document; provenance in design/guidance_sections.yaml (traceability)"
FDA_PCCP_LABELING,"FDA guidance, Marketing Submission Recommendations for a Predetermined Change Control Plan for Artificial Intelligence-Enabled Device Software Functions","2024-12-04, updated 2025-08-18",final,V. Policy for Predetermined Change Control Plans > C. Identifying a PCCP in a Marketing Submission,,"section transcribed 2026-10-08 from the fetched primary document; provenance in design/guidance_sections.yaml (labeling)"
FDA_PCCP_PMS_PLANS,"FDA guidance, Marketing Submission Recommendations for a Predetermined Change Control Plan for Artificial Intelligence-Enabled Device Software Functions","2024-12-04, updated 2025-08-18",final,VII. Modification Protocol > B. Content of the Modification Protocol Section > (4) Update procedures,,"section transcribed 2026-10-08 from the fetched primary document; provenance in design/guidance_sections.yaml (post-market surveillance plans)"
GB_PMS_44ZM3,"Medical Devices (Post-market Surveillance Requirements) (Amendment) (Great Britain) Regulations 2024, SI 2024/1368",2024 (in force 2025-06-16),final,"New Part 4A (post-market surveillance requirements) > regulation 44ZM (Periodic safety update report), paragraph (3)",n/a,"section transcribed 2026-10-08 from the fetched primary document; provenance in design/guidance_sections.yaml (PSUR content)"
GB_PMS_44ZL,"Medical Devices (Post-market Surveillance Requirements) (Amendment) (Great Britain) Regulations 2024, SI 2024/1368",2024 (in force 2025-06-16),final,New Part 4A (post-market surveillance requirements) > regulation 44ZL (Post-market surveillance report),n/a,"section transcribed 2026-10-08 from the fetched primary document; provenance in design/guidance_sections.yaml (PMSR)"
EU_MDR_ART86_1,"Regulation (EU) 2017/745 (MDR)",,final,"Article 86 (Periodic safety update report), paragraph 1",n/a,"section transcribed 2026-10-08 from the fetched primary document; provenance in design/guidance_sections.yaml (PSUR)"
MDCG_2022_21,"MDCG 2022-21 guidance on PSUR",2022,guidance,ANNEX I: Template for the PSUR,n/a,"section transcribed 2026-10-08 from the fetched primary document; provenance in design/guidance_sections.yaml (PSUR structure)"
MDCG_2020_8,"MDCG 2020-8 PMCF evaluation report template",2020,guidance,Post-market clinical follow-up evaluation report Template,n/a,"section transcribed 2026-10-08 from the fetched primary document; provenance in design/guidance_sections.yaml (PMCF evaluation report template)"
PP_SCOPE,"ProofPack internal: scope and limits block (D4 section 7.2)",engine version,internal,,,"ProofPack's own text; not a regulatory reference"
PP_METHODS,"ProofPack internal: methods appendix conventions (T7)",engine version,internal,,,"ProofPack's own text; not a regulatory reference"
